{"theorical": {"life_time": 21.921499266032576, "diffusion_constant": 3.252277682987971, "diffusion_length": 11.94108896546332}, "statistical": {"diffusion_constant": 3.016789129583325, "diffusion_length": 11.500655693475561}, "experimental": {"diffusion_length": 10.361081024680773, "exciton_lifetime": 22.21557358846452, "diffusion_constant": 2.416142882210855}}