{"theorical": {"life_time": 60.15259398599338, "diffusion_constant": 3.252277682987971, "diffusion_length": 19.780441804696007}, "statistical": {"diffusion_constant": 3.310199986982912, "diffusion_length": 19.955806965864532}, "experimental": {"diffusion_length": 20.149094272448078, "exciton_lifetime": 61.11458570983597, "diffusion_constant": 3.3215147847648696}, "comment": "Valors te\u00f2rics no v\u00e0lids"}