{"theorical": {"life_time": 60.15259398599338, "diffusion_constant": null, "diffusion_length": null}, "statistical": {"diffusion_constant": 0.05749925109988853, "diffusion_length": 2.630106121779225}, "experimental": {"diffusion_length": 1.7632356620712955, "exciton_lifetime": 63.08867424004732, "diffusion_constant": 0.024639921804114204}, "comment": "Valors te\u00f2rics no v\u00e0lids"}