{"theorical": {"life_time": 30.690098972445604, "diffusion_constant": 12.493949946966588, "diffusion_length": 27.692618526574407}, "statistical": {"diffusion_constant": 13.679681968480173, "diffusion_length": 28.97691472618284}, "experimental": {"diffusion_length": 30.06459712020103, "exciton_lifetime": 34.17827630999993, "diffusion_constant": 13.223019086769181}}