{"theorical": {"life_time": 60.15259398599338, "diffusion_constant": 3.252277682987971, "diffusion_length": 19.780441804696007}, "statistical": {"diffusion_constant": 3.2751310993081058, "diffusion_length": 19.849817695262626}, "experimental": {"diffusion_length": 20.280138066591164, "exciton_lifetime": 64.45133275394507, "diffusion_constant": 3.1906555103379555}}