{"theorical": {"life_time": 41.772634712495396, "diffusion_constant": 6.743923003443857, "diffusion_length": 23.736530165635205}, "statistical": {"diffusion_constant": 6.711088345988756, "diffusion_length": 23.67867572311734}, "experimental": {"diffusion_length": 23.41602015714882, "exciton_lifetime": 44.19467900370018, "diffusion_constant": 6.203348597170407}}