{"theorical": {"lifetime": 60.15259398599338, "diffusion_constant": 3.252277682987971, "diffusion_length": 19.780441804696007}, "experimental": {"diffusion_length": 22.227010595219504, "exciton_lifetime": 62.84845608931641, "diffusion_constant": 3.93040681300031}, "statistical": {"diffusion_constant": 4.4642070999778225, "diffusion_length": 23.17471195740542}}